Wells,Time,N1,N2,N3
A1-3,0,0.0716,0.0708,0.0722
A1-3,0.5,0.0738,0.0726,0.074
A1-3,1,0.0757,0.0743,0.0759
A1-3,1.5,0.0775,0.076,0.0777
A1-3,2,0.0793,0.0778,0.0806
A1-3,2.5,0.0813,0.0794,0.085
A1-3,3,0.0829,0.0809,0.0873
A1-3,3.5,0.0848,0.0826,0.0876
A1-3,4,0.0865,0.085,0.0887
A1-3,4.5,0.0883,0.0858,0.0904
A1-3,5,0.0901,0.0874,0.0919
A4-6,0,0.0718,0.0721,0.0721
A4-6,0.5,0.0712,0.0714,0.0714
A4-6,1,0.0709,0.0709,0.0711
A4-6,1.5,0.0706,0.071,0.071
A4-6,2,0.0705,0.0709,0.0709
A4-6,2.5,0.0706,0.0709,0.0706
A4-6,3,0.0703,0.0706,0.0708
A4-6,3.5,0.0701,0.0705,0.0707
A4-6,4,0.0701,0.0705,0.0705
A4-6,4.5,0.0701,0.0704,0.0705
A4-6,5,0.07,0.0702,0.0704
A7-09,0,0.061,0.061,0.0631
A7-09,0.5,0.061,0.0609,0.0632
A7-09,1,0.061,0.0609,0.0633
A7-09,1.5,0.0611,0.0609,0.0632
A7-09,2,0.0611,0.0611,0.0632
A7-09,2.5,0.061,0.0609,0.0632
A7-09,3,0.061,0.0609,0.0633
A7-09,3.5,0.061,0.061,0.0633
A7-09,4,0.061,0.0609,0.0632
A7-09,4.5,0.0609,0.0609,0.0632
A7-09,5,0.061,0.0609,0.0633
A10-12,0,0.0611,0.06,0.0602
A10-12,0.5,0.061,0.0599,0.0602
A10-12,1,0.0611,0.06,0.0602
A10-12,1.5,0.061,0.06,0.0602
A10-12,2,0.0611,0.06,0.0601
A10-12,2.5,0.0611,0.0601,0.0602
A10-12,3,0.0611,0.06,0.0602
A10-12,3.5,0.0611,0.06,0.0602
A10-12,4,0.061,0.06,0.0601
A10-12,4.5,0.0611,0.06,0.0602
A10-12,5,0.0611,0.0601,0.0602
B1-3,0,0.3534,0.3434,0.3307
B1-3,0.5,0.4063,0.4033,0.4009
B1-3,1,0.4229,0.421,0.4213
B1-3,1.5,0.4286,0.4268,0.4284
B1-3,2,0.4297,0.429,0.4308
B1-3,2.5,0.4308,0.4298,0.4319
B1-3,3,0.4307,0.4299,0.4324
B1-3,3.5,0.4312,0.4303,0.4326
B1-3,4,0.431,0.4301,0.4327
B1-3,4.5,0.4307,0.4303,0.4328
B1-3,5,0.4306,0.4303,0.4328
B4-6,0,0.0603,0.0605,0.0608
B4-6,0.5,0.0604,0.0606,0.0608
B4-6,1,0.0603,0.0605,0.0607
B4-6,1.5,0.0602,0.0604,0.0608
B4-6,2,0.0603,0.0605,0.0608
B4-6,2.5,0.0603,0.0605,0.0609
B4-6,3,0.0603,0.0605,0.0608
B4-6,3.5,0.0603,0.0605,0.0608
B4-6,4,0.0602,0.0605,0.0607
B4-6,4.5,0.0603,0.0605,0.0607
B4-6,5,0.0602,0.0606,0.0608
B7-9,0,0.061,0.0612,0.0687
B7-9,0.5,0.0612,0.0612,0.0687
B7-9,1,0.061,0.0612,0.0686
B7-9,1.5,0.0611,0.0612,0.0686
B7-9,2,0.0612,0.0612,0.0686
B7-9,2.5,0.0611,0.0612,0.0686
B7-9,3,0.061,0.0613,0.0687
B7-9,3.5,0.0611,0.0613,0.0687
B7-9,4,0.0611,0.0612,0.0686
B7-9,4.5,0.0611,0.0611,0.0686
B7-9,5,0.0612,0.0612,0.0686
B10-12,0,0.0636,0.0614,0.0608
B10-12,0.5,0.0636,0.0613,0.0608
B10-12,1,0.0635,0.0612,0.0608
B10-12,1.5,0.0635,0.0611,0.0608
B10-12,2,0.0637,0.0613,0.0609
B10-12,2.5,0.0636,0.0613,0.0609
B10-12,3,0.0636,0.0613,0.0608
B10-12,3.5,0.0635,0.0613,0.0609
B10-12,4,0.0634,0.0612,0.0609
B10-12,4.5,0.0636,0.0612,0.0608
B10-12,5,0.0635,0.0613,0.0608
C1-3,0,0.0713,0.0717,0.0717
C1-3,0.5,0.0724,0.0725,0.0724
C1-3,1,0.0733,0.0736,0.0733
C1-3,1.5,0.0742,0.0746,0.0744
C1-3,2,0.0754,0.0756,0.0752
C1-3,2.5,0.0764,0.0766,0.0766
C1-3,3,0.0775,0.0776,0.0775
C1-3,3.5,0.0784,0.0787,0.0784
C1-3,4,0.0794,0.0797,0.0795
C1-3,4.5,0.0804,0.0809,0.0805
C1-3,5,0.0816,0.0819,0.0816
C4-6,0,0.0604,0.0614,0.0609
C4-6,0.5,0.0603,0.0614,0.0609
C4-6,1,0.0602,0.0614,0.0609
C4-6,1.5,0.0603,0.0614,0.0609
C4-6,2,0.0603,0.0614,0.0609
C4-6,2.5,0.0604,0.0615,0.0608
C4-6,3,0.0602,0.0614,0.0609
C4-6,3.5,0.0602,0.0615,0.0609
C4-6,4,0.0603,0.0614,0.0609
C4-6,4.5,0.0602,0.0614,0.0608
C4-6,5,0.0604,0.0614,0.0609
C7-9,0,0.061,0.0631,0.0613
C7-9,0.5,0.061,0.063,0.0613
C7-9,1,0.0609,0.0629,0.0613
C7-9,1.5,0.061,0.063,0.0612
C7-9,2,0.061,0.063,0.0613
C7-9,2.5,0.0609,0.063,0.0614
C7-9,3,0.0609,0.063,0.0613
C7-9,3.5,0.0609,0.063,0.0613
C7-9,4,0.0609,0.063,0.0613
C7-9,4.5,0.0609,0.063,0.0613
C7-9,5,0.061,0.0629,0.0613
C10-12,0,0.0615,0.0608,0.0603
C10-12,0.5,0.0615,0.0609,0.0603
C10-12,1,0.0615,0.0608,0.0602
C10-12,1.5,0.0614,0.0608,0.0602
C10-12,2,0.0615,0.0609,0.0602
C10-12,2.5,0.0616,0.0609,0.0603
C10-12,3,0.0616,0.0608,0.0602
C10-12,3.5,0.0616,0.0608,0.0603
C10-12,4,0.0615,0.0609,0.0603
C10-12,4.5,0.0614,0.0608,0.0602
C10-12,5,0.0616,0.0608,0.0603
D1-3,0,0.3363,0.3293,0.3154
D1-3,0.5,0.3939,0.3929,0.3881
D1-3,1,0.4148,0.4154,0.4161
D1-3,1.5,0.4223,0.4237,0.4271
D1-3,2,0.4258,0.4272,0.4317
D1-3,2.5,0.4268,0.4291,0.4334
D1-3,3,0.4273,0.4303,0.4341
D1-3,3.5,0.4276,0.4308,0.4343
D1-3,4,0.4279,0.4313,0.4349
D1-3,4.5,0.4279,0.4313,0.4348
D1-3,5,0.4282,0.4315,0.4348
D4-6,0,0.0608,0.0618,0.063
D4-6,0.5,0.0608,0.0618,0.063
D4-6,1,0.0607,0.0618,0.0629
D4-6,1.5,0.0608,0.0618,0.0629
D4-6,2,0.0608,0.0618,0.063
D4-6,2.5,0.0609,0.0619,0.063
D4-6,3,0.0608,0.0618,0.063
D4-6,3.5,0.0608,0.0617,0.0629
D4-6,4,0.0608,0.0617,0.063
D4-6,4.5,0.0609,0.0618,0.0629
D4-6,5,0.0608,0.0618,0.063
D7-9,0,0.0653,0.061,0.0615
D7-9,0.5,0.0652,0.0612,0.0614
D7-9,1,0.0652,0.0609,0.0613
D7-9,1.5,0.0651,0.0611,0.0614
D7-9,2,0.0652,0.0611,0.0615
D7-9,2.5,0.0653,0.0612,0.0614
D7-9,3,0.0652,0.0611,0.0615
D7-9,3.5,0.0651,0.0611,0.0613
D7-9,4,0.0651,0.061,0.0614
D7-9,4.5,0.0651,0.061,0.0614
D7-9,5,0.0652,0.0611,0.0614
D10-12,0,0.0616,0.0617,0.0607
D10-12,0.5,0.0616,0.0618,0.0607
D10-12,1,0.0616,0.0617,0.0606
D10-12,1.5,0.0616,0.0617,0.0606
D10-12,2,0.0615,0.0616,0.0608
D10-12,2.5,0.0616,0.0617,0.0606
D10-12,3,0.0616,0.0617,0.0606
D10-12,3.5,0.0616,0.0617,0.0607
D10-12,4,0.0615,0.0616,0.0606
D10-12,4.5,0.0616,0.0616,0.0606
D10-12,5,0.0616,0.0616,0.0607
E1-3,0,0.1976,0.1849,0.1781
E1-3,0.5,0.2591,0.2449,0.239
E1-3,1,0.3087,0.2942,0.2893
E1-3,1.5,0.3465,0.3325,0.3285
E1-3,2,0.3741,0.361,0.3585
E1-3,2.5,0.394,0.3812,0.3796
E1-3,3,0.4062,0.3951,0.3944
E1-3,3.5,0.4148,0.404,0.4043
E1-3,4,0.4208,0.4105,0.4112
E1-3,4.5,0.4242,0.4144,0.4158
E1-3,5,0.4269,0.4172,0.4192
E4-6,0,0.0621,0.0626,0.0608
E4-6,0.5,0.0621,0.0626,0.0609
E4-6,1,0.0621,0.0625,0.0608
E4-6,1.5,0.0621,0.0626,0.0608
E4-6,2,0.0621,0.0626,0.0609
E4-6,2.5,0.0622,0.0626,0.061
E4-6,3,0.0621,0.0625,0.0609
E4-6,3.5,0.0621,0.0625,0.0608
E4-6,4,0.0622,0.0626,0.0608
E4-6,4.5,0.0621,0.0625,0.061
E4-6,5,0.0622,0.0626,0.0609
E7-9,0,0.0607,0.0611,0.0651
E7-9,0.5,0.0607,0.061,0.0653
E7-9,1,0.0606,0.061,0.0652
E7-9,1.5,0.0606,0.0611,0.0652
E7-9,2,0.0606,0.0611,0.0651
E7-9,2.5,0.0607,0.061,0.0651
E7-9,3,0.0607,0.061,0.0653
E7-9,3.5,0.0605,0.061,0.0651
E7-9,4,0.0607,0.061,0.0652
E7-9,4.5,0.0604,0.061,0.0652
E7-9,5,0.0606,0.0612,0.0652
E10-12,0,0.0607,0.0648,0.061
E10-12,0.5,0.0607,0.0647,0.0609
E10-12,1,0.0606,0.0646,0.061
E10-12,1.5,0.0607,0.0647,0.061
E10-12,2,0.0607,0.0646,0.061
E10-12,2.5,0.0606,0.0647,0.0609
E10-12,3,0.0607,0.0646,0.061
E10-12,3.5,0.0607,0.0647,0.061
E10-12,4,0.0608,0.0647,0.0609
E10-12,4.5,0.0607,0.0647,0.0609
E10-12,5,0.0607,0.0647,0.061
F1-3,0,0.3296,0.3226,0.305
F1-3,0.5,0.3894,0.3837,0.3787
F1-3,1,0.4184,0.4122,0.413
F1-3,1.5,0.4309,0.4249,0.43
F1-3,2,0.4379,0.4305,0.4388
F1-3,2.5,0.4409,0.4323,0.4429
F1-3,3,0.4425,0.4333,0.4454
F1-3,3.5,0.4429,0.4334,0.4467
F1-3,4,0.443,0.4334,0.447
F1-3,4.5,0.444,0.4328,0.4469
F1-3,5,0.4431,0.4335,0.4471
F4-6,0,0.0611,0.0612,0.0614
F4-6,0.5,0.061,0.0612,0.0614
F4-6,1,0.061,0.0612,0.0613
F4-6,1.5,0.061,0.0612,0.0614
F4-6,2,0.0612,0.0611,0.0613
F4-6,2.5,0.0611,0.0611,0.0614
F4-6,3,0.0612,0.0612,0.0614
F4-6,3.5,0.0611,0.0612,0.0613
F4-6,4,0.061,0.0612,0.0613
F4-6,4.5,0.061,0.0612,0.0614
F4-6,5,0.0611,0.0612,0.0614
F7-9,0,0.0604,0.0629,0.0607
F7-9,0.5,0.0604,0.063,0.0607
F7-9,1,0.0604,0.0628,0.0607
F7-9,1.5,0.0604,0.0629,0.0608
F7-9,2,0.0605,0.0628,0.0607
F7-9,2.5,0.0604,0.0628,0.0608
F7-9,3,0.0604,0.0628,0.0607
F7-9,3.5,0.0604,0.0628,0.0607
F7-9,4,0.0604,0.0628,0.0607
F7-9,4.5,0.0604,0.0628,0.0607
F7-9,5,0.0605,0.0628,0.0607
F10-12,0,0.0626,0.0632,0.061
F10-12,0.5,0.0626,0.0632,0.0609
F10-12,1,0.0626,0.0631,0.0608
F10-12,1.5,0.0626,0.0632,0.061
F10-12,2,0.0627,0.0633,0.0609
F10-12,2.5,0.0626,0.0632,0.0609
F10-12,3,0.0626,0.0631,0.061
F10-12,3.5,0.0626,0.0632,0.0609
F10-12,4,0.0626,0.0632,0.061
F10-12,4.5,0.0626,0.0631,0.0608
F10-12,5,0.0626,0.0632,0.0609
G1-3,0,0.2234,0.2171,0.2087
G1-3,0.5,0.2855,0.2803,0.2723
G1-3,1,0.3323,0.3284,0.3228
G1-3,1.5,0.3677,0.3626,0.3593
G1-3,2,0.3875,0.3859,0.39
G1-3,2.5,0.4034,0.4005,0.4008
G1-3,3,0.4115,0.4095,0.4117
G1-3,3.5,0.4168,0.415,0.419
G1-3,4,0.4189,0.4184,0.4222
G1-3,4.5,0.425,0.4206,0.4246
G1-3,5,0.4241,0.422,0.4268
G4-6,0,0.0608,0.0607,0.0614
G4-6,0.5,0.0609,0.0607,0.0615
G4-6,1,0.0608,0.0607,0.0614
G4-6,1.5,0.0607,0.0608,0.0615
G4-6,2,0.0609,0.0608,0.0614
G4-6,2.5,0.0609,0.0608,0.0614
G4-6,3,0.0608,0.0608,0.0615
G4-6,3.5,0.0608,0.0608,0.0614
G4-6,4,0.0609,0.0608,0.0614
G4-6,4.5,0.0609,0.0608,0.0614
G4-6,5,0.0609,0.0607,0.0615
G7-9,0,0.061,0.0615,0.0606
G7-9,0.5,0.0609,0.0615,0.0605
G7-9,1,0.0609,0.0612,0.0606
G7-9,1.5,0.0609,0.0615,0.0606
G7-9,2,0.061,0.0615,0.0607
G7-9,2.5,0.061,0.0615,0.0606
G7-9,3,0.061,0.0615,0.0607
G7-9,3.5,0.061,0.0614,0.0605
G7-9,4,0.061,0.0615,0.0606
G7-9,4.5,0.0609,0.0614,0.0605
G7-9,5,0.0609,0.0614,0.0606
G10-12,0,0.0627,0.0619,0.0602
G10-12,0.5,0.0627,0.0619,0.06
G10-12,1,0.0628,0.0619,0.0601
G10-12,1.5,0.0628,0.062,0.0601
G10-12,2,0.0628,0.0621,0.0601
G10-12,2.5,0.0627,0.062,0.06
G10-12,3,0.0627,0.0619,0.0601
G10-12,3.5,0.0628,0.0619,0.0601
G10-12,4,0.0629,0.0621,0.0601
G10-12,4.5,0.0626,0.062,0.0601
G10-12,5,0.0627,0.0621,0.0601
H1-3,0,0.2295,0.2333,0.211
H1-3,0.5,0.286,0.2749,0.2682
H1-3,1,0.3313,0.3217,0.316
H1-3,1.5,0.366,0.3784,0.3531
H1-3,2,0.3915,0.3976,0.382
H1-3,2.5,0.4101,0.4171,0.4042
H1-3,3,0.4234,0.4499,0.4289
H1-3,3.5,0.4426,0.4393,0.4403
H1-3,4,0.4528,0.4452,0.4478
H1-3,4.5,0.4611,0.4701,0.4547
H1-3,5,0.4646,0.4632,0.4611
H4-6,0,0.0615,0.0674,0.0612
H4-6,0.5,0.0615,0.0675,0.0614
H4-6,1,0.0616,0.0675,0.0614
H4-6,1.5,0.0615,0.0674,0.0614
H4-6,2,0.0614,0.0675,0.0614
H4-6,2.5,0.0614,0.0673,0.0615
H4-6,3,0.0614,0.0676,0.0616
H4-6,3.5,0.0615,0.0675,0.0615
H4-6,4,0.0616,0.0674,0.0614
H4-6,4.5,0.0614,0.0675,0.0614
H4-6,5,0.0615,0.0675,0.0614
H7-9,0,0.0612,0.0606,0.0613
H7-9,0.5,0.0611,0.0606,0.0614
H7-9,1,0.0612,0.0605,0.0611
H7-9,1.5,0.0611,0.0606,0.0612
H7-9,2,0.0612,0.0607,0.0613
H7-9,2.5,0.0612,0.0605,0.0613
H7-9,3,0.0612,0.0606,0.0612
H7-9,3.5,0.0613,0.0606,0.0613
H7-9,4,0.0612,0.0606,0.0613
H7-9,4.5,0.0612,0.0605,0.0613
H7-9,5,0.0612,0.0605,0.0613
H10-12,0,0.0607,0.0609,0.0597
H10-12,0.5,0.0608,0.0609,0.0598
H10-12,1,0.0606,0.0608,0.0597
H10-12,1.5,0.0607,0.061,0.0598
H10-12,2,0.0607,0.0608,0.0598
H10-12,2.5,0.0607,0.0609,0.0598
H10-12,3,0.0607,0.061,0.0598
H10-12,3.5,0.0606,0.0609,0.0598
H10-12,4,0.0607,0.0608,0.0598
H10-12,4.5,0.0607,0.0609,0.0597
H10-12,5,0.0607,0.0609,0.0599
,,,,
,,,,
,,,,
,,,,
,,,,
,,,,
,,,,
,,,,
,,,,
,,,,
,,,,
,,,,
,,,,
,,,,
,,,,
,,,,
,,,,
,,,,
,,,,
,,,,
,,,,
,,,,
,,,,
,,,,
,,,,
,,,,
,,,,
,,,,
,,,,
,,,,
,,,,
,,,,
,,,,
,,,,
,,,,
,,,,
,,,,
,,,,
,,,,
,,,,
,,,,
,,,,
,,,,
,,,,
,,,,
,,,,
,,,,
,,,,
,,,,
,,,,
,,,,
,,,,
,,,,
,,,,
,,,,
,,,,
,,,,
,,,,
,,,,
,,,,
,,,,
,,,,
,,,,
,,,,
,,,,
,,,,
,,,,
,,,,
,,,,
,,,,
,,,,
,,,,
,,,,
,,,,
,,,,
,,,,
,,,,
,,,,
,,,,
,,,,
,,,,
,,,,
,,,,
,,,,
,,,,
,,,,
,,,,
,,,,
,,,,
,,,,
,,,,
,,,,
,,,,
,,,,
,,,,
,,,,
,,,,
,,,,
,,,,
,,,,
,,,,
,,,,
,,,,
,,,,
,,,,
,,,,
,,,,
,,,,
,,,,
,,,,
,,,,
,,,,
,,,,
,,,,
,,,,
,,,,
,,,,
,,,,
,,,,
,,,,
,,,,
,,,,
,,,,
,,,,
,,,,
,,,,
,,,,
,,,,
,,,,
,,,,
,,,,
,,,,
,,,,
,,,,
,,,,
,,,,
,,,,
,,,,
,,,,
,,,,
,,,,
,,,,
,,,,
,,,,
,,,,
,,,,
,,,,
,,,,
,,,,
,,,,
,,,,
,,,,
,,,,
,,,,
,,,,
,,,,
,,,,
,,,,
,,,,
,,,,
,,,,
,,,,
,,,,
,,,,
,,,,
,,,,
,,,,
,,,,
,,,,
,,,,
,,,,
,,,,
,,,,
,,,,
,,,,
,,,,
